document id	subject	predicate	predicate lemmatized	object	confidence	sentence
10010001	a German-born theoretical physicist	 widely acknowledged	  widely acknowledge		0.86	Albert Einstein was a German-born theoretical physicist , widely acknowledged to be one of the greatest and most influential physicists of all time .
10010001	Albert Einstein	 was	  be	a German-born theoretical physicist , widely acknowledged to be one of the most influential physicists of all time	0.66	Albert Einstein was a German-born theoretical physicist , widely acknowledged to be one of the greatest and most influential physicists of all time .
10010001	a German-born theoretical physicist	 to be	  to be	one of the most influential physicists of all time	0.58	Albert Einstein was a German-born theoretical physicist , widely acknowledged to be one of the greatest and most influential physicists of all time .
10010001	Albert Einstein	 was	  be	a German-born theoretical physicist , widely acknowledged to be one of the greatest physicists of all time	0.51	Albert Einstein was a German-born theoretical physicist , widely acknowledged to be one of the greatest and most influential physicists of all time .
10010001	a German-born theoretical physicist	 to be	  to be	one of the greatest physicists of all time	0.42	Albert Einstein was a German-born theoretical physicist , widely acknowledged to be one of the greatest and most influential physicists of all time .
10010002	Albert Einstein	 was	  be	a German-born physicist with US citizenship	0.31	Albert Einstein was a German-born physicist with Swiss and US citizenship .
10010002	Albert Einstein	 was	  be	a German-born physicist with Swiss citizenship	0.23	Albert Einstein was a German-born physicist with Swiss and US citizenship .
10010011	Einstein	 is	  be	best known for developing the theory of relativity	0.94	Einstein is best known for developing the theory of relativity , but he also made important contributions to the development of the theory of quantum mechanics .
10010011	Einstein	 best known	  well know	for developing the theory of relativity	0.91	Einstein is best known for developing the theory of relativity , but he also made important contributions to the development of the theory of quantum mechanics .
10010011	he	 made	  make	important contributions to the development of the theory of quantum mechanics	0.91	Einstein is best known for developing the theory of relativity , but he also made important contributions to the development of the theory of quantum mechanics .
10010011	Einstein	 for developing	  for develope	the theory of relativity	0.55	Einstein is best known for developing the theory of relativity , but he also made important contributions to the development of the theory of quantum mechanics .
10010012	He	 worldwide	  worldwide	one of the best-known scientists of the modern era	0.18	He is considered one of the most important theoretical physicists in the history of science and one of the best-known scientists of the modern era worldwide .
10010021	quantum mechanics	 are together	  be together	the two pillars of modern physics	0.53	Relativity and quantum mechanics are together the two pillars of modern physics .
10010021	Relativity	 are together	  be together	the two pillars of modern physics	0.35	Relativity and quantum mechanics are together the two pillars of modern physics .
10010022	His research on the structure of time , as well as on the nature of gravity	 significantly changed	  significantly change	the previously held Newtonian worldview	0.56	His research on the structure of matter , space , and time , as well as on the nature of gravity , significantly changed the previously held Newtonian worldview .
10010022	His research on the structure of space , as well as on the nature of gravity	 significantly changed	  significantly change	the previously held Newtonian worldview	0.36	His research on the structure of matter , space , and time , as well as on the nature of gravity , significantly changed the previously held Newtonian worldview .
10010022	His research on the structure of matter , as well as on the nature of gravity	 significantly changed	  significantly change	the previously held Newtonian worldview	0.28	His research on the structure of matter , space , and time , as well as on the nature of gravity , significantly changed the previously held Newtonian worldview .
10010031	His mass–energy equivalence formula E = mc2 , which arises from relativity theory	 has been dubbed	  have be dub	the world 's most famous equation	0.96	His mass–energy equivalence formula E = mc2 , which arises from relativity theory , has been dubbed `` the world 's most famous equation '' .
10010031	His mass–energy equivalence formula E = mc2	 arises	  arise	from relativity theory	0.95	His mass–energy equivalence formula E = mc2 , which arises from relativity theory , has been dubbed `` the world 's most famous equation '' .
10010032	Einstein 's main work	 made	  make	him world famous	1.00	Einstein 's main work , the theory of relativity , made him world famous .
10010041	His work	 is also known	  be also know	for its influence on the philosophy of science	1.00	His work is also known for its influence on the philosophy of science .
10010042	the contents of which	 are known	  be know	as the Special Theory of Relativity now	0.95	In 1905 , his work entitled On the Electrodynamics of Moving Bodies was published , the contents of which are now known as the Special Theory of Relativity .
10010042	his work	 entitled	  entitle	On the Electrodynamics of Moving Bodies	0.94	In 1905 , his work entitled On the Electrodynamics of Moving Bodies was published , the contents of which are now known as the Special Theory of Relativity .
10010042	his work the contents of which	 was published	  be publish	In 1905 as the Special Theory of Relativity now	0.17	In 1905 , his work entitled On the Electrodynamics of Moving Bodies was published , the contents of which are now known as the Special Theory of Relativity .
10010051	He	 received	  receive	the 1921 Nobel Prize in Physics	0.81	He received the 1921 Nobel Prize in Physics `` for his services to theoretical physics , and especially for his discovery of the law of the photoelectric effect '' , a pivotal step in the development of quantum theory .
10010052	he	 published	  publish	the General Theory of Relativity In 1915	1.00	In 1915 he published the General Theory of Relativity .
10010061	Einstein	 becoming	  become	synonymous with `` genius	0.93	His intellectual achievements and originality resulted in `` Einstein '' becoming synonymous with `` genius '' .
10010061	His intellectual achievements	 resulted	  result	in `` Einstein becoming synonymous with `` genius	0.39	His intellectual achievements and originality resulted in `` Einstein '' becoming synonymous with `` genius '' .
10010061	His originality	 resulted	  result	in `` Einstein	0.22	His intellectual achievements and originality resulted in `` Einstein '' becoming synonymous with `` genius '' .
10010062	He	 made	  make	significant contributions to quantum physics.	0.60	He also made significant contributions to quantum physics. ``
10010071	a year	 described	  describe	as his annus mirabilis sometimes	0.96	In 1905 , a year sometimes described as his annus mirabilis ( 'miracle year ' ) , Einstein published four groundbreaking papers .
10010071	Einstein	 published	  publish	four groundbreaking papers In 1905	0.87	In 1905 , a year sometimes described as his annus mirabilis ( 'miracle year ' ) , Einstein published four groundbreaking papers .
10010072	the Nobel Prize of 1921	 was presented	  be present	to him in 1922	0.96	For his services to theoretical physics , especially for his discovery of the law of the photoelectric effect , '' he was awarded the Nobel Prize of 1921 , which was presented to him in 1922 .
10010072	he	 was awarded	  be award	the Nobel Prize of 1921	0.83	For his services to theoretical physics , especially for his discovery of the law of the photoelectric effect , '' he was awarded the Nobel Prize of 1921 , which was presented to him in 1922 .
10010081	These	 outlined	  outline	the theory of the photoelectric effect	0.98	These outlined the theory of the photoelectric effect , explained Brownian motion , introduced special relativity , and demonstrated mass-energy equivalence .
10010081	These	 explained	  explain	Brownian motion	0.83	These outlined the theory of the photoelectric effect , explained Brownian motion , introduced special relativity , and demonstrated mass-energy equivalence .
10010081	These	 demonstrated	  demonstrate	mass-energy equivalence	0.83	These outlined the theory of the photoelectric effect , explained Brownian motion , introduced special relativity , and demonstrated mass-energy equivalence .
10010081	These	 introduced	  introduce	special relativity	0.75	These outlined the theory of the photoelectric effect , explained Brownian motion , introduced special relativity , and demonstrated mass-energy equivalence .
10010082	his theoretical work	 played	  play	only an indirect role in the construction of the atomic bomb	0.71	Contrary to popular belief , his theoretical work played only an indirect role in the construction of the atomic bomb and the development of nuclear energy .
10010082	his theoretical work	 played	  play	only an indirect role in the development of nuclear energy	0.41	Contrary to popular belief , his theoretical work played only an indirect role in the construction of the atomic bomb and the development of nuclear energy .
10010091	Einstein	 thought	  think	that the laws of classical mechanics could no longer be reconciled with those of the electromagnetic field	0.95	Einstein thought that the laws of classical mechanics could no longer be reconciled with those of the electromagnetic field , which led him to develop his special theory of relativity .
10010091	the laws of classical mechanics	 could be reconciled	  can be reconcile	with those of the electromagnetic field no longer	0.95	Einstein thought that the laws of classical mechanics could no longer be reconciled with those of the electromagnetic field , which led him to develop his special theory of relativity .
10010091	the electromagnetic field	 led	  lead	him to develop his special theory of relativity	0.92	Einstein thought that the laws of classical mechanics could no longer be reconciled with those of the electromagnetic field , which led him to develop his special theory of relativity .
10010091	him	 to develop	  to develop	his special theory of relativity	0.91	Einstein thought that the laws of classical mechanics could no longer be reconciled with those of the electromagnetic field , which led him to develop his special theory of relativity .
10010101	he	 published	  publish	a paper on general relativity in 1916	0.94	He then extended the theory to gravitational fields ; he published a paper on general relativity in 1916 , introducing his theory of gravitation .
10010101	He	 extended	  extend	the theory to gravitational fields then	0.90	He then extended the theory to gravitational fields ; he published a paper on general relativity in 1916 , introducing his theory of gravitation .
10010101	he	 the published a paper on general relativity introducing	  the publish a paper on general relativity introduce	his theory of gravitation	0.26	He then extended the theory to gravitational fields ; he published a paper on general relativity in 1916 , introducing his theory of gravitation .
10010102	He	 used	  use	his extraordinary fame outside the scientific world in his commitment to international understanding	0.64	He also used his extraordinary fame outside the scientific world in his commitment to international understanding , peace and socialism .
10010102	He	 used	  use	his extraordinary fame outside the scientific world in his commitment to peace	0.17	He also used his extraordinary fame outside the scientific world in his commitment to international understanding , peace and socialism .
10010102	He	 used	  use	his extraordinary fame outside the scientific world in his commitment to socialism	0.15	He also used his extraordinary fame outside the scientific world in his commitment to international understanding , peace and socialism .
10010111	he	 applied	  apply	the general theory of relativity to model the structure of the universe In 1917	0.99	In 1917 , he applied the general theory of relativity to model the structure of the universe .
10010111	he	 applied the general theory of relativity to model	  apply the general theory of relativity to model	the structure of the universe	0.93	In 1917 , he applied the general theory of relativity to model the structure of the universe .
10010121	He	 continued to deal	  continue to deal	with problems of statistical mechanics	0.48	He continued to deal with problems of statistical mechanics and quantum theory , which led to his explanations of particle theory and the motion of molecules .
10010121	He	 continued	  continue	to deal with problems of statistical mechanics	0.46	He continued to deal with problems of statistical mechanics and quantum theory , which led to his explanations of particle theory and the motion of molecules .
10010121	problems of statistical mechanics	 led	  lead	to his explanations of particle theory	0.24	He continued to deal with problems of statistical mechanics and quantum theory , which led to his explanations of particle theory and the motion of molecules .
10010121	He	 continued to deal	  continue to deal	with problems of statistical mechanics	0.48	He continued to deal with problems of statistical mechanics and quantum theory , which led to his explanations of particle theory and the motion of molecules .
10010121	He	 continued	  continue	to deal with problems of statistical mechanics	0.46	He continued to deal with problems of statistical mechanics and quantum theory , which led to his explanations of particle theory and the motion of molecules .
10010121	He	 continued	  continue	to deal with problems of quantum theory	0.37	He continued to deal with problems of statistical mechanics and quantum theory , which led to his explanations of particle theory and the motion of molecules .
10010121	He	 continued to deal	  continue to deal	with problems of quantum theory	0.37	He continued to deal with problems of statistical mechanics and quantum theory , which led to his explanations of particle theory and the motion of molecules .
10010121	problems of statistical mechanics	 led	  lead	to his explanations of the motion of molecules	0.19	He continued to deal with problems of statistical mechanics and quantum theory , which led to his explanations of particle theory and the motion of molecules .
10010131	the quantum theory of radiation	 laid	  lay	the foundation of the photon theory of light	0.96	He also investigated the thermal properties of light and the quantum theory of radiation , which laid the foundation of the photon theory of light .
10010131	He	 investigated	  investigate	the thermal properties of light	0.58	He also investigated the thermal properties of light and the quantum theory of radiation , which laid the foundation of the photon theory of light .
10010131	He	 investigated	  investigate	the quantum theory of radiation , which laid the foundation of the photon theory of light	0.43	He also investigated the thermal properties of light and the quantum theory of radiation , which laid the foundation of the photon theory of light .
10010141	he	 worked	  work	on two ultimately unsuccessful endeavors	1.00	However , for much of the later part of his career , he worked on two ultimately unsuccessful endeavors .
10010151	he	 opposed	  oppose	what it evolved into First	0.90	First , despite his great contributions to quantum mechanics , he opposed what it evolved into , objecting that `` God does not play dice '' .
10010151	God	 does not play	  doe not play	dice	0.90	First , despite his great contributions to quantum mechanics , he opposed what it evolved into , objecting that `` God does not play dice '' .
10010151	it	 evolved	  evolve	into	0.64	First , despite his great contributions to quantum mechanics , he opposed what it evolved into , objecting that `` God does not play dice '' .
10010151	he it	 objecting	  object	that `` God does not play dice	0.30	First , despite his great contributions to quantum mechanics , he opposed what it evolved into , objecting that `` God does not play dice '' .
10010161	he	 attempted to devise a unified field theory by generalizing	  attempt to devise a unify field theory by generalize	his geometric theory of gravitation to include electromagnetism	0.93	Second , he attempted to devise a unified field theory by generalizing his geometric theory of gravitation to include electromagnetism .
10010161	his geometric theory of gravitation	 to include	  to include	electromagnetism	0.90	Second , he attempted to devise a unified field theory by generalizing his geometric theory of gravitation to include electromagnetism .
10010161	he	 attempted to devise	  attempt to devise	a unified field theory	0.90	Second , he attempted to devise a unified field theory by generalizing his geometric theory of gravitation to include electromagnetism .
10010161	he	 attempted	  attempt	to devise a unified field theory by generalizing his geometric theory of gravitation	0.89	Second , he attempted to devise a unified field theory by generalizing his geometric theory of gravitation to include electromagnetism .
10010171	he	 became	  become	increasingly isolated from the mainstream of modern physics	0.97	As a result , he became increasingly isolated from the mainstream of modern physics .
10010171	he	 increasingly isolated	  increasingly isolate	from the mainstream of modern physics	0.94	As a result , he became increasingly isolated from the mainstream of modern physics .
10010181	Einstein	 was born	  be bear	in the German Empire	0.96	Einstein was born in the German Empire , but moved to Switzerland in 1895 , forsaking his German citizenship ( as a subject of the Kingdom of Württemberg ) [ note 1 ] the following year .
10010181	Einstein	 moved	  move	to Switzerland in 1895	0.87	Einstein was born in the German Empire , but moved to Switzerland in 1895 , forsaking his German citizenship ( as a subject of the Kingdom of Württemberg ) [ note 1 ] the following year .
10010181	Einstein	 forsaking	  forsake	his German citizenship ( as a subject of the Kingdom of Württemberg	0.85	Einstein was born in the German Empire , but moved to Switzerland in 1895 , forsaking his German citizenship ( as a subject of the Kingdom of Württemberg ) [ note 1 ] the following year .
10010191	the physics	 teaching	  teach	diploma program at the Swiss Federal polytechnic school in Zürich	0.56	In 1897 , at the age of 17 , he enrolled in the mathematics and physics teaching diploma program at the Swiss Federal polytechnic school in Zürich , graduating in 1900 .
10010191	he	 enrolled the physics graduating	  enroll the physic graduate	in 1900	0.30	In 1897 , at the age of 17 , he enrolled in the mathematics and physics teaching diploma program at the Swiss Federal polytechnic school in Zürich , graduating in 1900 .
10010191	he	 enrolled	  enroll	in the physics	0.23	In 1897 , at the age of 17 , he enrolled in the mathematics and physics teaching diploma program at the Swiss Federal polytechnic school in Zürich , graduating in 1900 .
10010191	the mathematics	 teaching	  teach	in diploma program at the Swiss Federal polytechnic school in Zürich	0.21	In 1897 , at the age of 17 , he enrolled in the mathematics and physics teaching diploma program at the Swiss Federal polytechnic school in Zürich , graduating in 1900 .
10010191	he	 the mathematics graduating	  the mathematics graduate	in 1900	0.21	In 1897 , at the age of 17 , he enrolled in the mathematics and physics teaching diploma program at the Swiss Federal polytechnic school in Zürich , graduating in 1900 .
10010201	he	 acquired	  acquire	Swiss citizenship , which he kept for the rest of his life In 1901	0.95	In 1901 , he acquired Swiss citizenship , which he kept for the rest of his life , and in 1903 he secured a permanent position at the Swiss Patent Office in Bern .
10010201	Swiss citizenship	 kept	  keep	for the rest of his life	0.93	In 1901 , he acquired Swiss citizenship , which he kept for the rest of his life , and in 1903 he secured a permanent position at the Swiss Patent Office in Bern .
10010201	he	 secured	  secure	a permanent position at the Swiss Patent Office in Bern in 1903	0.87	In 1901 , he acquired Swiss citizenship , which he kept for the rest of his life , and in 1903 he secured a permanent position at the Swiss Patent Office in Bern .
10010211	he	 was awarded	  be award	a PhD by the University of Zurich In 1905	1.00	In 1905 , he was awarded a PhD by the University of Zurich .
10010221	Einstein	 moved	  move	to Berlin in order In 1914	0.99	In 1914 , Einstein moved to Berlin in order to join the Prussian Academy of Sciences and the Humboldt University of Berlin .
10010231	Einstein	 became	  become	director of the Kaiser Wilhelm Institute for Physics In 1917	0.97	In 1917 , Einstein became director of the Kaiser Wilhelm Institute for Physics ; he also became a German citizen again , this time Prussian .
10010231	he	 also became	  also become	a German citizen again	0.78	In 1917 , Einstein became director of the Kaiser Wilhelm Institute for Physics ; he also became a German citizen again , this time Prussian .
10010241	Einstein	 was visiting	  be visit	the United States	0.95	In 1933 , while Einstein was visiting the United States , Adolf Hitler came to power in Germany .
10010241	Adolf Hitler	 came	  come	to power In 1933 in Germany	0.28	In 1933 , while Einstein was visiting the United States , Adolf Hitler came to power in Germany .
10010251	Einstein	 objected	  object	to the policies of the newly elected Nazi government	0.95	Einstein , as Jewish , objected to the policies of the newly elected Nazi government ; he settled in the United States and became an American citizen in 1940 .
10010251	he	 settled	  settle	in the United States	0.92	Einstein , as Jewish , objected to the policies of the newly elected Nazi government ; he settled in the United States and became an American citizen in 1940 .
10010251	he	 became	  become	an American citizen in 1940	0.91	Einstein , as Jewish , objected to the policies of the newly elected Nazi government ; he settled in the United States and became an American citizen in 1940 .
10010261	he	 endorsed	  endorse	a letter to President Franklin D. Roosevelt On the eve of World War II	0.93	On the eve of World War II , he endorsed a letter to President Franklin D. Roosevelt alerting him to the potential German nuclear weapons program and recommending that the US begin similar research .
10010261	a letter to President Franklin D. Roosevelt	 alerting	  alert	him to the potential German nuclear weapons program	0.93	On the eve of World War II , he endorsed a letter to President Franklin D. Roosevelt alerting him to the potential German nuclear weapons program and recommending that the US begin similar research .
10010261	the US	 begin	  begin	similar research	0.91	On the eve of World War II , he endorsed a letter to President Franklin D. Roosevelt alerting him to the potential German nuclear weapons program and recommending that the US begin similar research .
10010261	a letter to President Franklin D. Roosevelt	 recommending	  recommend	that the US begin similar research	0.88	On the eve of World War II , he endorsed a letter to President Franklin D. Roosevelt alerting him to the potential German nuclear weapons program and recommending that the US begin similar research .
10010271	Einstein	 supported	  support	the Allies	0.97	Einstein supported the Allies but generally denounced the idea of nuclear weapons .
10010271	Einstein	 generally denounced	  generally denounce	the idea of nuclear weapons	0.91	Einstein supported the Allies but generally denounced the idea of nuclear weapons .
10020001	Sir Roger Penrose OM FRS HonFInstP	 is	  be	an English mathematician	0.85	Sir Roger Penrose OM FRS HonFInstP is an English mathematician , mathematical physicist , philosopher of science and Nobel Laureate in Physics .
10020001	Sir Roger Penrose OM FRS HonFInstP	 is	  be	an English philosopher of science	0.27	Sir Roger Penrose OM FRS HonFInstP is an English mathematician , mathematical physicist , philosopher of science and Nobel Laureate in Physics .
10020001	Sir Roger Penrose OM FRS HonFInstP	 is	  be	an English mathematical physicist	0.18	Sir Roger Penrose OM FRS HonFInstP is an English mathematician , mathematical physicist , philosopher of science and Nobel Laureate in Physics .
10020001	Sir Roger Penrose OM FRS HonFInstP	 is	  be	an English Nobel Laureate in Physics	0.09	Sir Roger Penrose OM FRS HonFInstP is an English mathematician , mathematical physicist , philosopher of science and Nobel Laureate in Physics .
10020002	Sir Roger Penrose OM	 is	  be	a British mathematician	0.58	Sir Roger Penrose OM is a British mathematician and theoretical physicist .
10020002	Sir Roger Penrose OM	 is	  be	a British theoretical physicist	0.06	Sir Roger Penrose OM is a British mathematician and theoretical physicist .
10020011	He	 is	  be	Emeritus Rouse Ball Professor of Mathematics in the University of Oxford	0.98	He is Emeritus Rouse Ball Professor of Mathematics in the University of Oxford , an emeritus fellow of Wadham College , Oxford , and an honorary fellow of St John 's College , Cambridge and University College London .
10020011	He	 is	  be	an emeritus fellow of Wadham College	0.35	He is Emeritus Rouse Ball Professor of Mathematics in the University of Oxford , an emeritus fellow of Wadham College , Oxford , and an honorary fellow of St John 's College , Cambridge and University College London .
10020011	He	 is	  be	an honorary fellow of St John 's College ,	0.16	He is Emeritus Rouse Ball Professor of Mathematics in the University of Oxford , an emeritus fellow of Wadham College , Oxford , and an honorary fellow of St John 's College , Cambridge and University College London .
10020011	He	 is	  be	an honorary fellow of University College London	0.09	He is Emeritus Rouse Ball Professor of Mathematics in the University of Oxford , an emeritus fellow of Wadham College , Oxford , and an honorary fellow of St John 's College , Cambridge and University College London .
10020012	his work in these fields	 is highly respected	  be highly respect		0.88	Penrose 's main areas of research are mathematical physics and cosmology , and his work in these fields is highly respected .
10020012	Penrose 's main areas of research	 are	  be	mathematical physics	0.36	Penrose 's main areas of research are mathematical physics and cosmology , and his work in these fields is highly respected .
10020012	Penrose 's main areas of research	 are	  be	cosmology	0.26	Penrose 's main areas of research are mathematical physics and cosmology , and his work in these fields is highly respected .
10020021	Penrose	 has contributed	  have contribute	to the mathematical physics of cosmology	0.54	Penrose has contributed to the mathematical physics of general relativity and cosmology .
10020021	Penrose	 has contributed	  have contribute	to the mathematical physics of general relativity	0.49	Penrose has contributed to the mathematical physics of general relativity and cosmology .
10020022	He	 has also written	  have also write	on topics of philosophy in numerous popular science books	0.93	He has also written on topics of philosophy in numerous popular science books .
10020031	black hole formation	 is	  be	a robust prediction of the general theory of relativity	0.94	He has received several prizes and awards , including the 1988 Wolf Prize in Physics , which he shared with Stephen Hawking for the Penrose–Hawking singularity theorems , and one half of the 2020 Nobel Prize in Physics `` for the discovery that black hole formation is a robust prediction of the general theory of relativity '' .
10020031	the 1988 Wolf Prize in Physics	 shared	  share	with Stephen Hawking for the Penrose–Hawking	0.63	He has received several prizes and awards , including the 1988 Wolf Prize in Physics , which he shared with Stephen Hawking for the Penrose–Hawking singularity theorems , and one half of the 2020 Nobel Prize in Physics `` for the discovery that black hole formation is a robust prediction of the general theory of relativity '' .
10020031	He	 has received	  have receive	several prizes , including the 1988 Wolf Prize in Physics	0.51	He has received several prizes and awards , including the 1988 Wolf Prize in Physics , which he shared with Stephen Hawking for the Penrose–Hawking singularity theorems , and one half of the 2020 Nobel Prize in Physics `` for the discovery that black hole formation is a robust prediction of the general theory of relativity '' .
10020031	He	 has received	  have receive	several awards , including the 1988 Wolf Prize in Physics	0.41	He has received several prizes and awards , including the 1988 Wolf Prize in Physics , which he shared with Stephen Hawking for the Penrose–Hawking singularity theorems , and one half of the 2020 Nobel Prize in Physics `` for the discovery that black hole formation is a robust prediction of the general theory of relativity '' .
10020031	He	 has received	  have receive	several prizes , including one half of the 2020 Nobel Prize in Physics	0.27	He has received several prizes and awards , including the 1988 Wolf Prize in Physics , which he shared with Stephen Hawking for the Penrose–Hawking singularity theorems , and one half of the 2020 Nobel Prize in Physics `` for the discovery that black hole formation is a robust prediction of the general theory of relativity '' .
10020032	the formation of black holes	 is	  be	a robust prediction of general relativity	0.93	He was awarded half the Nobel Prize in Physics in 2020 `` for the discovery that the formation of black holes is a robust prediction of general relativity '' ( according to the laudation ) , i.e. , not based on special mathematically simplified assumptions .
10020032	He	 was awarded	  be award	half the Nobel Prize in Physics in 2020	0.92	He was awarded half the Nobel Prize in Physics in 2020 `` for the discovery that the formation of black holes is a robust prediction of general relativity '' ( according to the laudation ) , i.e. , not based on special mathematically simplified assumptions .
10020032	'' ( according to the laudation ) ,	 i.e. not based	  i.e. not base	on special mathematically simplified assumptions	0.55	He was awarded half the Nobel Prize in Physics in 2020 `` for the discovery that the formation of black holes is a robust prediction of general relativity '' ( according to the laudation ) , i.e. , not based on special mathematically simplified assumptions .
10020041	He	 is regarded	  be regard	as one of the greatest living physicists	0.65	He is regarded as one of the greatest living physicists , mathematicians and scientists , and is particularly noted for the breadth and depth of his work in both natural and formal sciences .
10020041	He	 is particularly noted	  be particularly note	for the breadth of his work in both formal sciences	0.12	He is regarded as one of the greatest living physicists , mathematicians and scientists , and is particularly noted for the breadth and depth of his work in both natural and formal sciences .
10020041	He	 is regarded	  be regard	as one of the greatest living scientists	0.09	He is regarded as one of the greatest living physicists , mathematicians and scientists , and is particularly noted for the breadth and depth of his work in both natural and formal sciences .
10020041	He	 is regarded	  be regard	as one of the greatest living mathematicians	0.08	He is regarded as one of the greatest living physicists , mathematicians and scientists , and is particularly noted for the breadth and depth of his work in both natural and formal sciences .
10020041	He	 is particularly noted	  be particularly note	for the breadth of his work in both natural sciences	0.07	He is regarded as one of the greatest living physicists , mathematicians and scientists , and is particularly noted for the breadth and depth of his work in both natural and formal sciences .
10020042	The laudation	 referred	  refer	in particular to his mathematical work in the 1960s with the introduction of new methods in general relativity	0.96	The laudation thus referred in particular to his mathematical work in the 1960s with the introduction of new methods in general relativity , which culminated in the joint work with Stephen Hawking on the existence of singularities and thus black holes in general relativity under very general conditions ( singularity theorem ) .
10020042	the introduction new methods in general relativity	 culminated	  culminate	in the joint work with Stephen Hawking on the existence of singularities in general relativity under very general conditions	0.13	The laudation thus referred in particular to his mathematical work in the 1960s with the introduction of new methods in general relativity , which culminated in the joint work with Stephen Hawking on the existence of singularities and thus black holes in general relativity under very general conditions ( singularity theorem ) .
10020042	the introduction new methods in general relativity	 culminated	  culminate	in the joint work with Stephen Hawking on the existence of black holes in general relativity under very general conditions	0.07	The laudation thus referred in particular to his mathematical work in the 1960s with the introduction of new methods in general relativity , which culminated in the joint work with Stephen Hawking on the existence of singularities and thus black holes in general relativity under very general conditions ( singularity theorem ) .
10020052	The second half of the Nobel Prize	 went	  go	to Andrea Ghez for empirical evidence of the existence of a supermassive black hole in the center of the Milky Way	0.69	The second half of the Nobel Prize went to Andrea Ghez and Reinhard Genzel for empirical evidence of the existence of a supermassive black hole in the center of the Milky Way
10020052	The second half of the Nobel Prize	 went	  go	to Reinhard Genzel for empirical evidence of the existence of a supermassive black hole in the center of the Milky Way	0.66	The second half of the Nobel Prize went to Andrea Ghez and Reinhard Genzel for empirical evidence of the existence of a supermassive black hole in the center of the Milky Way
10030001	a German chemist	 received	  receive	the Nobel Prize in Chemistry in 1918	0.88	Fritz Haber was a German chemist who received the Nobel Prize in Chemistry in 1918 for his invention of the Haber–Bosch process , a method used in industry to synthesize ammonia from nitrogen gas and hydrogen gas .
10030001	Fritz Haber	 was	  be	a German chemist who received the Nobel Prize in Chemistry in 1918 for his invention of the Haber–Bosch	0.66	Fritz Haber was a German chemist who received the Nobel Prize in Chemistry in 1918 for his invention of the Haber–Bosch process , a method used in industry to synthesize ammonia from nitrogen gas and hydrogen gas .
10030001	a method	 used	  use	in industry to synthesize ammonia from nitrogen gas	0.55	Fritz Haber was a German chemist who received the Nobel Prize in Chemistry in 1918 for his invention of the Haber–Bosch process , a method used in industry to synthesize ammonia from nitrogen gas and hydrogen gas .
10030001	a method	 used	  use	in industry to synthesize ammonia from hydrogen gas	0.52	Fritz Haber was a German chemist who received the Nobel Prize in Chemistry in 1918 for his invention of the Haber–Bosch process , a method used in industry to synthesize ammonia from nitrogen gas and hydrogen gas .
10030002	Fritz Jakob Haber	 was	  be	a German chemist	0.57	Fritz Jakob Haber , also Fritz Jacob Haber , was a German chemist and Nobel Prize winner for chemistry .
10030002	Fritz Jakob Haber	 was	  be	a German Nobel Prize winner for chemistry	0.08	Fritz Jakob Haber , also Fritz Jacob Haber , was a German chemist and Nobel Prize winner for chemistry .
10030011	This invention	 is	  be	important for the large-scale synthesis of fertilizers	0.51	This invention is important for the large-scale synthesis of fertilizers and explosives .
10030011	This invention	 is	  be	important for the large-scale synthesis of explosives	0.27	This invention is important for the large-scale synthesis of fertilizers and explosives .
10030012	He	 was	  be	the founding director for 22 years of the Kaiser Wilhelm Institute for Electrochemistry in Berlin	0.53	He was the founding director for 22 years of the Kaiser Wilhelm Institute for Physical Chemistry and Electrochemistry in Berlin , which is now named after him .
10030012	the Kaiser Wilhelm Institute for Electrochemistry in Berlin	 is named	  be name	after him now	0.47	He was the founding director for 22 years of the Kaiser Wilhelm Institute for Physical Chemistry and Electrochemistry in Berlin , which is now named after him .
10030012	He	 was	  be	the founding director for 22 years of the Kaiser Wilhelm Institute for Physical Chemistry in Berlin	0.35	He was the founding director for 22 years of the Kaiser Wilhelm Institute for Physical Chemistry and Electrochemistry in Berlin , which is now named after him .
10030012	the Kaiser Wilhelm Institute for Physical Chemistry in Berlin	 is named	  be name	after him now	0.26	He was the founding director for 22 years of the Kaiser Wilhelm Institute for Physical Chemistry and Electrochemistry in Berlin , which is now named after him .
10030021	this	 supports	  support	nearly half the world population	0.95	It is estimated that two thirds of annual global food production uses ammonia from the Haber–Bosch process , and that this supports nearly half the world population .
10030021	It two thirds of annual global food production	 is estimated uses	  be estimate use	ammonia from the Haber–Bosch	0.10	It is estimated that two thirds of annual global food production uses ammonia from the Haber–Bosch process , and that this supports nearly half the world population .
10030021	It	 is estimated	  be estimate	this supports nearly half	0.10	It is estimated that two thirds of annual global food production uses ammonia from the Haber–Bosch process , and that this supports nearly half the world population .
10030022	His scientific work	 includes	  include	contributions to thermochemistry	0.60	His scientific work includes contributions to thermochemistry , organic chemistry , electrochemistry and technical chemistry .
10030022	His scientific work	 includes	  include	contributions to organic chemistry	0.13	His scientific work includes contributions to thermochemistry , organic chemistry , electrochemistry and technical chemistry .
10030022	His scientific work	 includes	  include	contributions to electrochemistry	0.06	His scientific work includes contributions to thermochemistry , organic chemistry , electrochemistry and technical chemistry .
10030022	His scientific work	 includes	  include	contributions to technical chemistry	0.03	His scientific work includes contributions to thermochemistry , organic chemistry , electrochemistry and technical chemistry .
10030031	Haber , Born	 proposed	  propose	the Born–Haber cycle as a method for evaluating the lattice energy of an ionic solid	0.42	Haber , along with Max Born , proposed the Born–Haber cycle as a method for evaluating the lattice energy of an ionic solid .
10030032	Haber	 developed	  develope	the Born-Haber circular process for the quantitative determination of the lattice energy in crystals	0.99	Together with Max Born , Haber developed the Born-Haber circular process for the quantitative determination of the lattice energy in crystals .
10030041	pioneering work	 weaponizing	  weaponizing	other poisonous gases during World War I	0.25	Haber is also considered the `` father of chemical warfare '' for his years of pioneering work developing and weaponizing chlorine and other poisonous gases during World War I , especially his actions during the Second Battle of Ypres .
10030041	work I	 pioneering weaponizing	  pioneer weaponizing	chlorine during World War	0.03	Haber is also considered the `` father of chemical warfare '' for his years of pioneering work developing and weaponizing chlorine and other poisonous gases during World War I , especially his actions during the Second Battle of Ypres .
10030041	his pioneering work I	 developing	  develope	other poisonous gases during World War	0.02	Haber is also considered the `` father of chemical warfare '' for his years of pioneering work developing and weaponizing chlorine and other poisonous gases during World War I , especially his actions during the Second Battle of Ypres .
10030041	his pioneering work	 developing	  develope	chlorine during World I War	0.01	Haber is also considered the `` father of chemical warfare '' for his years of pioneering work developing and weaponizing chlorine and other poisonous gases during World War I , especially his actions during the Second Battle of Ypres .
10030042	he	 developed	  develope	the Haber-Bosch process for the catalytic synthesis of ammonia from the elements nitrogen	0.62	Together with Carl Bosch , he developed the Haber-Bosch process for the catalytic synthesis of ammonia from the elements nitrogen and hydrogen .
10030042	he	 developed	  develope	the Haber-Bosch process for the catalytic synthesis of ammonia from the elements hydrogen	0.48	Together with Carl Bosch , he developed the Haber-Bosch process for the catalytic synthesis of ammonia from the elements nitrogen and hydrogen .
10030052	This	 enables	  enable	the mass production of nitrogen fertilizer	0.99	This enables the mass production of nitrogen fertilizer and thus secures food for a large part of today 's world population .
10030052	This	 secures	  secure	food for a large part of today 's world population	0.87	This enables the mass production of nitrogen fertilizer and thus secures food for a large part of today 's world population .
10030062	He	 was awarded	  be award	the 1918 Nobel Prize in Chemistry for this achievement	1.00	He was awarded the 1918 Nobel Prize in Chemistry for this achievement .
10030072	I	 made	  make	him the `` father of the gas war shortly after the start of World War	0.78	Haber 's experiments with phosgene and chlorine gas shortly after the start of World War I made him the `` father of the gas war . ''
10030072	experiments I	 made	  make	him the `` father of the gas war shortly after the start of World War	0.34	Haber 's experiments with phosgene and chlorine gas shortly after the start of World War I made him the `` father of the gas war . ''
10030082	the German gas troops	 were formed	  be form	Under his leadership	0.96	Under his leadership , the German gas troops were formed and later poison gas was used for the first time as a weapon of mass destruction .
10030082	poison gas	 was used	  be use	for the first time as a weapon of mass destruction	0.81	Under his leadership , the German gas troops were formed and later poison gas was used for the first time as a weapon of mass destruction .
10030092	he	 researched	  research	the possibilities of extracting gold from seawater in order Later	0.94	Later , he researched the possibilities of extracting gold from seawater in order to finance German reparations payments after World War I . After the Nazis came to power , Fritz Haber emigrated to England in 1933 because of anti-Semitic reprisals and because of the general political conditions in Germany .
10030092	the Nazis	 came	  come	to power	0.91	Later , he researched the possibilities of extracting gold from seawater in order to finance German reparations payments after World War I . After the Nazis came to power , Fritz Haber emigrated to England in 1933 because of anti-Semitic reprisals and because of the general political conditions in Germany .
10030092	Fritz Haber	 emigrated	  emigrate	to England of anti-Semitic reprisals in 1933	0.06	Later , he researched the possibilities of extracting gold from seawater in order to finance German reparations payments after World War I . After the Nazis came to power , Fritz Haber emigrated to England in 1933 because of anti-Semitic reprisals and because of the general political conditions in Germany .
10030092	Fritz Haber	 emigrated	  emigrate	to England of the general political conditions in Germany in 1933	0.04	Later , he researched the possibilities of extracting gold from seawater in order to finance German reparations payments after World War I . After the Nazis came to power , Fritz Haber emigrated to England in 1933 because of anti-Semitic reprisals and because of the general political conditions in Germany .
10030102	He	 died	  die	a few months later in a hotel in Basel	1.00	He died a few months later in a hotel in Basel , Switzerland .
10040001	Alan Mathison Turing OBE FRS	 was	  be	an English mathematician	0.91	Alan Mathison Turing OBE FRS was an English mathematician , computer scientist , logician , cryptanalyst , philosopher , and theoretical biologist .
10040001	Alan Mathison Turing OBE FRS	 was	  be	an English computer scientist	0.22	Alan Mathison Turing OBE FRS was an English mathematician , computer scientist , logician , cryptanalyst , philosopher , and theoretical biologist .
10040001	Alan Mathison Turing OBE FRS	 was	  be	an English philosopher	0.15	Alan Mathison Turing OBE FRS was an English mathematician , computer scientist , logician , cryptanalyst , philosopher , and theoretical biologist .
10040001	Alan Mathison Turing OBE FRS	 was	  be	an English theoretical biologist	0.14	Alan Mathison Turing OBE FRS was an English mathematician , computer scientist , logician , cryptanalyst , philosopher , and theoretical biologist .
10040001	Alan Mathison Turing OBE FRS	 was	  be	an English logician	0.06	Alan Mathison Turing OBE FRS was an English mathematician , computer scientist , logician , cryptanalyst , philosopher , and theoretical biologist .
10040002	Alan Mathison Turing OBE	 was	  be	a British logician	0.69	Alan Mathison Turing OBE , FRS was a British logician , mathematician , cryptanalyst , and computer scientist .
10040002	Alan Mathison Turing OBE	 was	  be	a British mathematician	0.10	Alan Mathison Turing OBE , FRS was a British logician , mathematician , cryptanalyst , and computer scientist .
10040002	Alan Mathison Turing OBE	 was	  be	a British computer scientist	0.06	Alan Mathison Turing OBE , FRS was a British logician , mathematician , cryptanalyst , and computer scientist .
10040002	Alan Mathison Turing OBE	 was	  be	a British cryptanalyst	0.05	Alan Mathison Turing OBE , FRS was a British logician , mathematician , cryptanalyst , and computer scientist .
10040011	Turing	 was	  be	highly influential in the development of theoretical computer science	0.94	Turing was highly influential in the development of theoretical computer science , providing a formalisation of the concepts of algorithm and computation with the Turing machine , which can be considered a model of a general-purpose computer .
10040011	Turing	 providing	  provide	a formalisation of the concepts of computation with the Turing machine	0.52	Turing was highly influential in the development of theoretical computer science , providing a formalisation of the concepts of algorithm and computation with the Turing machine , which can be considered a model of a general-purpose computer .
10040011	Turing	 providing	  provide	a formalisation of the concepts of algorithm with the Turing machine	0.39	Turing was highly influential in the development of theoretical computer science , providing a formalisation of the concepts of algorithm and computation with the Turing machine , which can be considered a model of a general-purpose computer .
10040021	He	 to be	  to be	the father of theoretical computer science	0.52	He is widely considered to be the father of theoretical computer science and artificial intelligence .
10040021	He	 to be	  to be	the father of artificial intelligence	0.26	He is widely considered to be the father of theoretical computer science and artificial intelligence .
10040022	Turing	 created	  create	a large part of the theoretical foundations for modern information technology	0.19	Turing created a large part of the theoretical foundations for modern information and computer technology .
10040022	Turing	 created	  create	a large part of the theoretical foundations for modern computer technology	0.18	Turing created a large part of the theoretical foundations for modern information and computer technology .
10040031	Turing	 was raised	  be raise	in southern England	1.00	Born in Maida Vale , London , Turing was raised in southern England .
10040032	His contributions to theoretical biology	 also proved to be	  also prove to be	groundbreaking	0.54	His contributions to theoretical biology also proved to be groundbreaking .
10040041	He	 graduated	  graduate	at King 's College , Cambridge ,	0.54	He graduated at King 's College , Cambridge , with a degree in mathematics .
10040042	The computability model of the Turing machine	 forms	  form	one of the foundations of theoretical computer science	0.97	The computability model of the Turing machine developed by him forms one of the foundations of theoretical computer science .
10040042	the Turing machine	 developed	  develope	by him	0.94	The computability model of the Turing machine developed by him forms one of the foundations of theoretical computer science .
10040051	the halting problem for Turing machines	 is	  be	undecidable	0.91	Whilst he was a fellow at Cambridge , he published a proof demonstrating that some purely mathematical yes–no questions can never be answered by computation and defined a Turing machine , and went on to prove that the halting problem for Turing machines is undecidable .
10040051	he	 was	  be	a fellow at Cambridge	0.89	Whilst he was a fellow at Cambridge , he published a proof demonstrating that some purely mathematical yes–no questions can never be answered by computation and defined a Turing machine , and went on to prove that the halting problem for Turing machines is undecidable .
10040051	he	 was a fellow at	  be a fellow at	Cambridge	0.84	Whilst he was a fellow at Cambridge , he published a proof demonstrating that some purely mathematical yes–no questions can never be answered by computation and defined a Turing machine , and went on to prove that the halting problem for Turing machines is undecidable .
10040051	he	 went on	  go on	Whilst he was a fellow at Cambridge	0.72	Whilst he was a fellow at Cambridge , he published a proof demonstrating that some purely mathematical yes–no questions can never be answered by computation and defined a Turing machine , and went on to prove that the halting problem for Turing machines is undecidable .
10040051	he	 defined	  define	a Turing machine Whilst he was a fellow at Cambridge	0.53	Whilst he was a fellow at Cambridge , he published a proof demonstrating that some purely mathematical yes–no questions can never be answered by computation and defined a Turing machine , and went on to prove that the halting problem for Turing machines is undecidable .
10040052	he	 was	  be	instrumental in deciphering German radio messages During World War II	0.95	During World War II , he was instrumental in deciphering German radio messages encrypted with the German Enigma rotor cipher machine .
10040052	he German radio messages	 in deciphering encrypted	  in decipher encrypt	with the German Enigma rotor cipher machine	0.09	During World War II , he was instrumental in deciphering German radio messages encrypted with the German Enigma rotor cipher machine .
10040061	he	 obtained	  obtain	his PhD from the Department of Mathematics at Princeton University In 1938	1.00	In 1938 , he obtained his PhD from the Department of Mathematics at Princeton University .
10040062	Most of his work	 remained	  remain	classified after the end of the war	0.97	Most of his work remained classified after the end of the war .
10040062	Most of his work	 classified	  classify	after the end of the war	0.95	Most of his work remained classified after the end of the war .
10040071	Britain 's codebreaking centre	 produced	  produce	Ultra intelligence	0.96	During the Second World War , Turing worked for the Government Code and Cypher School ( GC & CS ) at Bletchley Park , Britain 's codebreaking centre that produced Ultra intelligence .
10040071	Turing	 worked	  work	for the Government Cypher School ( GC & CS ) at Bletchley Park Britain 's codebreaking centre During the Second World War	0.35	During the Second World War , Turing worked for the Government Code and Cypher School ( GC & CS ) at Bletchley Park , Britain 's codebreaking centre that produced Ultra intelligence .
10040071	Turing	 worked	  work	for the Government Code School ( GC & CS ) at During the Second World War Bletchley Park centre	0.11	During the Second World War , Turing worked for the Government Code and Cypher School ( GC & CS ) at Bletchley Park , Britain 's codebreaking centre that produced Ultra intelligence .
10040072	Turing	 developed	  develope	one of the first chess programs In 1953	0.96	In 1953 , Turing developed one of the first chess programs , the calculations of which he did himself due to a lack of hardware .
10040072	the calculations which he	 did	  do	himself due to a lack of hardware	0.30	In 1953 , Turing developed one of the first chess programs , the calculations of which he did himself due to a lack of hardware .
10040081	the section	 was	  be	responsible for German naval cryptanalysis	0.96	For a time he led Hut , the section that was responsible for German naval cryptanalysis .
10040081	he	 led	  lead	Hut For a time	0.87	For a time he led Hut , the section that was responsible for German naval cryptanalysis .
10040082	The Turing Award	 are named	  be name	after him	0.83	The Turing Award , the most important award in computer science , and the Turing Test for testing the existence of artificial intelligence are named after him .
10040082	the Turing Test for testing	 are named	  be name	the existence of artificial intelligence after him	0.24	The Turing Award , the most important award in computer science , and the Turing Test for testing the existence of artificial intelligence are named after him .
10040091	an electromechanical machine	 could find	  can find	settings for the Enigma machine	0.97	Here , he devised a number of techniques for speeding the breaking of German ciphers , including improvements to the pre-war Polish bombe method , an electromechanical machine that could find settings for the Enigma machine .
10040091	he	 devised	  devise	a number of techniques for speeding the breaking of German ciphers , including improvements to the pre-war Polish bombe method , Here	0.80	Here , he devised a number of techniques for speeding the breaking of German ciphers , including improvements to the pre-war Polish bombe method , an electromechanical machine that could find settings for the Enigma machine .
10040092	Turing	 was sentenced	  be sentence	to chemical castration for his homosexuality In March 1952	0.97	In March 1952 , Turing was sentenced to chemical castration for his homosexuality , which was still prosecuted as a crime at the time .
10040092	his homosexuality	 was prosecuted	  be prosecute	as a crime at the time still	0.96	In March 1952 , Turing was sentenced to chemical castration for his homosexuality , which was still prosecuted as a crime at the time .
10040101	the Allies	 to defeat	  to defeat	the Axis powers in many crucial engagements , including the Battle of the Atlantic	0.95	Turing played a crucial role in cracking intercepted coded messages that enabled the Allies to defeat the Axis powers in many crucial engagements , including the Battle of the Atlantic .
10040101	Turing	 played	  play	a crucial role in cracking intercepted coded messages	0.91	Turing played a crucial role in cracking intercepted coded messages that enabled the Allies to defeat the Axis powers in many crucial engagements , including the Battle of the Atlantic .
10040101	intercepted coded messages	 enabled	  enable	that the Allies to defeat the Axis powers in many crucial engagements , including the Battle of the Atlantic	0.50	Turing played a crucial role in cracking intercepted coded messages that enabled the Allies to defeat the Axis powers in many crucial engagements , including the Battle of the Atlantic .
10040101	intercepted coded messages	 in cracking	  in crack		0.06	Turing played a crucial role in cracking intercepted coded messages that enabled the Allies to defeat the Axis powers in many crucial engagements , including the Battle of the Atlantic .
10040102	Turing	 fell	  fall	ill with depression as a result of the hormone treatment	0.97	Turing fell ill with depression as a result of the hormone treatment and died by suicide about two years later .
10040102	Turing	 died	  die	by suicide about two years later	0.91	Turing fell ill with depression as a result of the hormone treatment and died by suicide about two years later .
10040111	Turing	 worked	  work	at the National Physical Laboratory After the war	0.96	After the war , Turing worked at the National Physical Laboratory , where he designed the Automatic Computing Engine ( ACE ) , one of the first designs for a stored-program computer .
10040111	he	 designed	  design	the Automatic Computing Engine the National Physical Laboratory	0.95	After the war , Turing worked at the National Physical Laboratory , where he designed the Automatic Computing Engine ( ACE ) , one of the first designs for a stored-program computer .
10040112	a pardon	 was denied	  be deny	in 2011 still	0.91	In 2009 , then British Prime Minister Gordon Brown issued an official apology on behalf of the government for Turing 's `` appalling treatment '' and acknowledged his `` extraordinary services '' during the war ; however , a pardon was still denied in 2011 despite a petition .
10040112	British Prime Minister Gordon Brown	 acknowledged	  acknowledge	his `` extraordinary services	0.72	In 2009 , then British Prime Minister Gordon Brown issued an official apology on behalf of the government for Turing 's `` appalling treatment '' and acknowledged his `` extraordinary services '' during the war ; however , a pardon was still denied in 2011 despite a petition .
10040112	a pardon	 was denied	  be deny	in 2011	0.57	In 2009 , then British Prime Minister Gordon Brown issued an official apology on behalf of the government for Turing 's `` appalling treatment '' and acknowledged his `` extraordinary services '' during the war ; however , a pardon was still denied in 2011 despite a petition .
10040112	British Prime Minister Gordon Brown	 issued	  issue	an official apology on behalf of the government for Turing 's In then	0.43	In 2009 , then British Prime Minister Gordon Brown issued an official apology on behalf of the government for Turing 's `` appalling treatment '' and acknowledged his `` extraordinary services '' during the war ; however , a pardon was still denied in 2011 despite a petition .
10040112	then British Prime Minister Gordon Brown	 appalling	  appall	treatment	0.26	In 2009 , then British Prime Minister Gordon Brown issued an official apology on behalf of the government for Turing 's `` appalling treatment '' and acknowledged his `` extraordinary services '' during the war ; however , a pardon was still denied in 2011 despite a petition .
10040121	he	 helped	  help	develop the Manchester computers Manchester	0.78	In 1948 , Turing joined Max Newman 's Computing Machine Laboratory , at the Victoria University of Manchester , where he helped develop the Manchester computers and became interested in mathematical biology .
10040121	he	 helped develop	  help develop	the Manchester computers	0.78	In 1948 , Turing joined Max Newman 's Computing Machine Laboratory , at the Victoria University of Manchester , where he helped develop the Manchester computers and became interested in mathematical biology .
10040121	he	 became	  become	interested in mathematical biology the Victoria University of Manchester	0.78	In 1948 , Turing joined Max Newman 's Computing Machine Laboratory , at the Victoria University of Manchester , where he helped develop the Manchester computers and became interested in mathematical biology .
10040121	Turing	 joined	  join	Max Newman 's Computing Machine Laboratory In 1948 at the Victoria University of Manchester	0.61	In 1948 , Turing joined Max Newman 's Computing Machine Laboratory , at the Victoria University of Manchester , where he helped develop the Manchester computers and became interested in mathematical biology .
10040122	Queen Elizabeth II	 posthumously issued	  posthumously issue	a Royal Pardon On Christmas Eve , December 24 2013	0.15	On Christmas Eve , December 24 , 2013 , Queen Elizabeth II posthumously issued a Royal Pardon .
10040131	He	 predicted	  predict	oscillating chemical reactions such as the Belousov–Zhabotinsky reaction	0.93	He wrote a paper on the chemical basis of morphogenesis and predicted oscillating chemical reactions such as the Belousov–Zhabotinsky reaction , first observed in the 1960s .
10040131	He	 wrote	  write	a paper	0.58	He wrote a paper on the chemical basis of morphogenesis and predicted oscillating chemical reactions such as the Belousov–Zhabotinsky reaction , first observed in the 1960s .
10040131	reaction	 observed	  observe	in the 1960s first	0.39	He wrote a paper on the chemical basis of morphogenesis and predicted oscillating chemical reactions such as the Belousov–Zhabotinsky reaction , first observed in the 1960s .
10040141	much of his work	 was covered	  be cover	by the Official Secrets Act	0.96	Despite these accomplishments , Turing was never fully recognised in Britain during his lifetime because much of his work was covered by the Official Secrets Act .
10040141	Turing	 was never fully recognised	  be never fully recognise	in Britain during his lifetime	0.65	Despite these accomplishments , Turing was never fully recognised in Britain during his lifetime because much of his work was covered by the Official Secrets Act .
10040151	Turing	 was prosecuted	  be prosecute	in 1952 for homosexual acts	1.00	Turing was prosecuted in 1952 for homosexual acts .
10040161	He	 accepted	  accept	hormone treatment with DES	0.95	He accepted hormone treatment with DES , a procedure commonly referred to as chemical castration , as an alternative to prison .
10040161	a procedure	 commonly referred	  commonly refer	to as chemical castration	0.72	He accepted hormone treatment with DES , a procedure commonly referred to as chemical castration , as an alternative to prison .
10040171	Turing	 died	  die	on 7 June 1954 16 days before his 42nd birthday , cyanide poisoning	0.50	Turing died on 7 June 1954 , 16 days before his 42nd birthday , from cyanide poisoning .
10040181	An inquest	 determined	  determine	his death as a suicide	0.96	An inquest determined his death as a suicide , but it has been noted that the known evidence is also consistent with accidental poisoning .
10040181	the known evidence	 is	  be	consistent with accidental poisoning	0.55	An inquest determined his death as a suicide , but it has been noted that the known evidence is also consistent with accidental poisoning .
10040181	it	 has been	  have be		0.12	An inquest determined his death as a suicide , but it has been noted that the known evidence is also consistent with accidental poisoning .
10040191	the British Prime Minister Gordon Brown	 made	  make	an official public apology Following a public campaign in 2009	0.87	Following a public campaign in 2009 , the British Prime Minister Gordon Brown made an official public apology on behalf of the British government for `` the appalling way [ Turing ] was treated '' .
10040191	the appalling way Turing	 was treated	  be treat		0.46	Following a public campaign in 2009 , the British Prime Minister Gordon Brown made an official public apology on behalf of the British government for `` the appalling way [ Turing ] was treated '' .
10040201	Queen Elizabeth II	 granted	  grant	a posthumous pardon in 2013	1.00	Queen Elizabeth II granted a posthumous pardon in 2013 .
10040211	The term `` Alan Turing law	 is used informally	  be use informally	to refer to a 2017 law in the United Kingdom now	0.94	The term `` Alan Turing law '' is now used informally to refer to a 2017 law in the United Kingdom that retroactively pardoned men cautioned or convicted under historical legislation that outlawed homosexual acts .
10040211	historical legislation	 outlawed	  outlaw	homosexual acts	0.89	The term `` Alan Turing law '' is now used informally to refer to a 2017 law in the United Kingdom that retroactively pardoned men cautioned or convicted under historical legislation that outlawed homosexual acts .
10040211	men	 convicted	  convict	under historical legislation	0.81	The term `` Alan Turing law '' is now used informally to refer to a 2017 law in the United Kingdom that retroactively pardoned men cautioned or convicted under historical legislation that outlawed homosexual acts .
10040211	a 2017 law in the United Kingdom	 retroactively pardoned	  retroactively pardon	men cautioned under historical legislation	0.78	The term `` Alan Turing law '' is now used informally to refer to a 2017 law in the United Kingdom that retroactively pardoned men cautioned or convicted under historical legislation that outlawed homosexual acts .
10040211	a 2017 law in the United Kingdom	 retroactively pardoned	  retroactively pardon	men convicted under historical legislation	0.78	The term `` Alan Turing law '' is now used informally to refer to a 2017 law in the United Kingdom that retroactively pardoned men cautioned or convicted under historical legislation that outlawed homosexual acts .
10040221	many things	 named	  name	after him	0.93	Turing has an extensive legacy with statues of him and many things named after him , including an annual award for computer science innovations .
10040221	Turing	 has	  have	an extensive legacy with statues of him	0.69	Turing has an extensive legacy with statues of him and many things named after him , including an annual award for computer science innovations .
10040221	Turing	 has	  have	an extensive legacy with many things , including	0.18	Turing has an extensive legacy with statues of him and many things named after him , including an annual award for computer science innovations .
10040231	He	 appears	  appear	on the current Bank of England £50 note	0.96	He appears on the current Bank of England £50 note , which was released on 23 June 2021 , to coincide with his birthday .
10040231	the current Bank of England £50 note	 was released	  be release	on 23 June 2021	0.94	He appears on the current Bank of England £50 note , which was released on 23 June 2021 , to coincide with his birthday .
10040231	He the current Bank of England £50 note	 to coincide	  to coincide		0.36	He appears on the current Bank of England £50 note , which was released on 23 June 2021 , to coincide with his birthday .
10040241	A 2019 BBC series , as	 named	  name	by the audience him the greatest person of the 20th century	0.16	A 2019 BBC series , as voted by the audience , named him the greatest person of the 20th century .
10050001	a German sociologist	 regarded	  regard	as among the most important theorists of the development of modern Western society	0.71	Maximilian Karl Emil Weber was a German sociologist , historian , jurist , and political economist regarded as among the most important theorists of the development of modern Western society .
10050001	Maximilian Karl Emil Weber	 was	  be	a German sociologist regarded as among the most important theorists of the development of modern Western society	0.50	Maximilian Karl Emil Weber was a German sociologist , historian , jurist , and political economist regarded as among the most important theorists of the development of modern Western society .
10050001	a German historian	 regarded	  regard	as among the most important theorists of the development of modern Western society	0.28	Maximilian Karl Emil Weber was a German sociologist , historian , jurist , and political economist regarded as among the most important theorists of the development of modern Western society .
10050001	a German jurist	 regarded	  regard	as among the most important theorists of the development of modern Western society	0.28	Maximilian Karl Emil Weber was a German sociologist , historian , jurist , and political economist regarded as among the most important theorists of the development of modern Western society .
10050001	Maximilian Karl Emil Weber	 was	  be	a German jurist regarded as among the most important theorists of the development of modern Western society	0.27	Maximilian Karl Emil Weber was a German sociologist , historian , jurist , and political economist regarded as among the most important theorists of the development of modern Western society .
10050002	Maximilian `` Max '' Carl Emil Weber	 was	  be	a German sociologist	0.60	Maximilian `` Max '' Carl Emil Weber was a German sociologist and national economist .
10050002	Maximilian `` Max '' Carl Emil Weber	 was	  be	a German national economist	0.07	Maximilian `` Max '' Carl Emil Weber was a German sociologist and national economist .
10050011	His ideas	 profoundly influence	  profoundly influence	social theory	0.38	His ideas profoundly influence social theory and research .
10050011	His ideas	 profoundly influence	  profoundly influence	social research	0.14	His ideas profoundly influence social theory and research .
10050021	Weber	 did not see	  do not see	himself as a sociologist	0.96	While Weber did not see himself as a sociologist , he is recognized as one of the fathers of sociology along with Auguste Comte , Karl Marx , and Émile Durkheim .
10050021	he	 is recognized	  be recognize	as one of the fathers of sociology along with Émile Durkheim	0.69	While Weber did not see himself as a sociologist , he is recognized as one of the fathers of sociology along with Auguste Comte , Karl Marx , and Émile Durkheim .
10050021	he	 is recognized	  be recognize	as one of the fathers of sociology along with Auguste Comte	0.60	While Weber did not see himself as a sociologist , he is recognized as one of the fathers of sociology along with Auguste Comte , Karl Marx , and Émile Durkheim .
10050021	he	 is recognized	  be recognize	as one of the fathers of sociology along with Karl Marx	0.11	While Weber did not see himself as a sociologist , he is recognized as one of the fathers of sociology along with Auguste Comte , Karl Marx , and Émile Durkheim .
10050022	He	 taught	  teach	as a private lecturer at the Friedrich Wilhelm University in Berlin ( 1892-1894	0.66	He taught as a private lecturer and associate professor at the Friedrich Wilhelm University in Berlin ( 1892-1894 ) and as a full professor at the universities of Freiburg ( 1894-1896 ) , Heidelberg ( 1897-1903 ) , Vienna ( 1918 ) , and Munich ( 1919-1920 ) .
10050022	He	 taught	  teach	as associate professor at the Friedrich Wilhelm University in Berlin ( 1892-1894	0.43	He taught as a private lecturer and associate professor at the Friedrich Wilhelm University in Berlin ( 1892-1894 ) and as a full professor at the universities of Freiburg ( 1894-1896 ) , Heidelberg ( 1897-1903 ) , Vienna ( 1918 ) , and Munich ( 1919-1920 ) .
10050022	He	 taught	  teach	as a full professor at the universities of Freiburg ( 1894-1896	0.51	He taught as a private lecturer and associate professor at the Friedrich Wilhelm University in Berlin ( 1892-1894 ) and as a full professor at the universities of Freiburg ( 1894-1896 ) , Heidelberg ( 1897-1903 ) , Vienna ( 1918 ) , and Munich ( 1919-1920 ) .
10050022	He	 taught	  teach	as a full professor at the universities of Vienna ( 1918	0.10	He taught as a private lecturer and associate professor at the Friedrich Wilhelm University in Berlin ( 1892-1894 ) and as a full professor at the universities of Freiburg ( 1894-1896 ) , Heidelberg ( 1897-1903 ) , Vienna ( 1918 ) , and Munich ( 1919-1920 ) .
10050022	He	 taught	  teach	as a full professor at the universities of Heidelberg ( 1897-1903	0.07	He taught as a private lecturer and associate professor at the Friedrich Wilhelm University in Berlin ( 1892-1894 ) and as a full professor at the universities of Freiburg ( 1894-1896 ) , Heidelberg ( 1897-1903 ) , Vienna ( 1918 ) , and Munich ( 1919-1920 ) .
10050022	He	 taught	  teach	as a full professor at the universities of Munich ( 1919-1920	0.01	He taught as a private lecturer and associate professor at the Friedrich Wilhelm University in Berlin ( 1892-1894 ) and as a full professor at the universities of Freiburg ( 1894-1896 ) , Heidelberg ( 1897-1903 ) , Vienna ( 1918 ) , and Munich ( 1919-1920 ) .
10050031	Weber	 did not believe	  do not believe	in monocausal explanations	0.99	Unlike Durkheim , Weber did not believe in monocausal explanations , proposing instead that for any outcome there can be multiple causes .
10050031	Weber	 did not believe in monocausal explanations proposing instead	  do not believe in monocausal explanation propose instead	that for any outcome there can be multiple causes	0.89	Unlike Durkheim , Weber did not believe in monocausal explanations , proposing instead that for any outcome there can be multiple causes .
10050032	he	 interrupted	  interrupt	his university teaching in Heidelberg for many years	0.98	Due to illness , he interrupted his university teaching in Heidelberg for many years , but during this time he developed an extraordinarily productive journalistic activity .
10050032	he	 developed	  develope	an extraordinarily productive journalistic activity during this time	0.94	Due to illness , he interrupted his university teaching in Heidelberg for many years , but during this time he developed an extraordinarily productive journalistic activity .
10050041	Weber	 was	  be	a key proponent of methodological anti-positivism	0.93	Also unlike Durkheim , Weber was a key proponent of methodological anti-positivism , arguing for the study of social action through interpretive rather than purely empiricist methods , based on a subjective understanding of the meanings that individuals attach to their own actions .
10050041	purely empiricist methods	 based	  base	on a subjective understanding of the meanings	0.93	Also unlike Durkheim , Weber was a key proponent of methodological anti-positivism , arguing for the study of social action through interpretive rather than purely empiricist methods , based on a subjective understanding of the meanings that individuals attach to their own actions .
10050041	Weber	 arguing	  argue	for the study of social action through interpretive rather than purely empiricist methods on a subjective understanding of the meanings	0.60	Also unlike Durkheim , Weber was a key proponent of methodological anti-positivism , arguing for the study of social action through interpretive rather than purely empiricist methods , based on a subjective understanding of the meanings that individuals attach to their own actions .
10050041	Weber	 attach	  attach		0.30	Also unlike Durkheim , Weber was a key proponent of methodological anti-positivism , arguing for the study of social action through interpretive rather than purely empiricist methods , based on a subjective understanding of the meanings that individuals attach to their own actions .
10050042	the Sunday jour fixe	 established	  establish	the so-called `` myth of Heidelberg '' as an intellectual center	0.95	In addition , he gathered renowned scientists , politicians and intellectuals for the Sunday jour fixe , whose meetings established the so-called `` myth of Heidelberg '' as an intellectual center .
10050042	he	 gathered	  gather	renowned scientists , politicians and intellectuals for the Sunday jour fixe	0.92	In addition , he gathered renowned scientists , politicians and intellectuals for the Sunday jour fixe , whose meetings established the so-called `` myth of Heidelberg '' as an intellectual center .
10050051	Weber 's main intellectual concern	 was	  be	in understanding the processes of rationalisation	0.57	Weber 's main intellectual concern was in understanding the processes of rationalisation , secularisation , and the ensuing sense of `` disenchantment '' .
10050051	Weber 's main intellectual concern	 was	  be	in understanding the processes of secularisation	0.31	Weber 's main intellectual concern was in understanding the processes of rationalisation , secularisation , and the ensuing sense of `` disenchantment '' .
10050051	Weber 's main intellectual concern	 was	  be	in understanding the processes of the ensuing sense of `` disenchantment	0.28	Weber 's main intellectual concern was in understanding the processes of rationalisation , secularisation , and the ensuing sense of `` disenchantment '' .
10050052	he	 had	  have	a great influence especially on the sociology of economics	0.67	With his theories and conceptualizations , he had a great influence especially on the sociology of economics , rule , law and religion .
10050052	he	 had	  have	a great influence especially on the sociology of rule	0.30	With his theories and conceptualizations , he had a great influence especially on the sociology of economics , rule , law and religion .
10050052	he	 had	  have	a great influence especially on the sociology of religion	0.17	With his theories and conceptualizations , he had a great influence especially on the sociology of economics , rule , law and religion .
10050052	he	 had	  have	a great influence especially on the sociology of law	0.11	With his theories and conceptualizations , he had a great influence especially on the sociology of economics , rule , law and religion .
10050061	He	 formulated	  formulate	a thesis arguing that such processes are associated with the rise of modernity	0.50	He formulated a thesis arguing that such processes are associated with the rise of capitalism and modernity .
10050061	a thesis	 arguing	  argue	that such processes are associated with the rise of modernity	0.47	He formulated a thesis arguing that such processes are associated with the rise of capitalism and modernity .
10050061	such processes	 are associated	  be associate	with the rise of modernity	0.44	He formulated a thesis arguing that such processes are associated with the rise of capitalism and modernity .
10050061	He	 formulated	  formulate	a thesis arguing that such processes are associated with the rise of capitalism	0.42	He formulated a thesis arguing that such processes are associated with the rise of capitalism and modernity .
10050061	a thesis	 arguing	  argue	that such processes are associated with the rise of capitalism	0.39	He formulated a thesis arguing that such processes are associated with the rise of capitalism and modernity .
10050062	it	 was nevertheless developed	  be nevertheless develope	from the unity of a leitmotif	0.95	Even though his work is fragmentary in character , it was nevertheless developed from the unity of a leitmotif : occidental rationalism and the disenchantment of the world it brought about .
10050062	the disenchantment of the world	 brought about	  bring about	it	0.91	Even though his work is fragmentary in character , it was nevertheless developed from the unity of a leitmotif : occidental rationalism and the disenchantment of the world it brought about .
10050071	Weber	 is also known	  be also know	for his thesis	0.92	Weber is also known for his thesis combining economic sociology and the sociology of religion , emphasising the importance of cultural influences embedded in religion as driving factors of capitalism .
10050071	cultural influences	 embedded	  embed	in religion as driving factors of capitalism	0.88	Weber is also known for his thesis combining economic sociology and the sociology of religion , emphasising the importance of cultural influences embedded in religion as driving factors of capitalism .
10050071	his thesis	 emphasising	  emphasise	the importance of cultural influences	0.83	Weber is also known for his thesis combining economic sociology and the sociology of religion , emphasising the importance of cultural influences embedded in religion as driving factors of capitalism .
10050071	his thesis	 emphasising	  emphasise	the importance of cultural influences embedded	0.31	Weber is also known for his thesis combining economic sociology and the sociology of religion , emphasising the importance of cultural influences embedded in religion as driving factors of capitalism .
10050071	his thesis	 combining	  combine	economic sociology	0.29	Weber is also known for his thesis combining economic sociology and the sociology of religion , emphasising the importance of cultural influences embedded in religion as driving factors of capitalism .
10050072	He	 assigned	  assign	a key position in this historical process to modern capitalism as the `` most fateful power of our modern life	1.00	He assigned a key position in this historical process to modern capitalism as the `` most fateful power of our modern life . ''
10050081	This	 is	  be	in contrast to Marx 's historical materialism	0.96	This is in contrast to Marx 's historical materialism , which considers religion as derivative of capitalism .
10050081	Marx 's historical materialism	 considers	  consider	religion as derivative of capitalism	0.96	This is in contrast to Marx 's historical materialism , which considers religion as derivative of capitalism .
10050082	a closeness to his antipode Karl Marx	 became	  become	apparent In his choice of this research focus	0.98	In his choice of this research focus , a closeness to his antipode Karl Marx became apparent , which also earned him the designation `` the bourgeois Marx . ''
10050082	a closeness to his antipode Karl Marx	 also earned	  also earn	him the designation	0.81	In his choice of this research focus , a closeness to his antipode Karl Marx became apparent , which also earned him the designation `` the bourgeois Marx . ''
10050091	the major `` elective affinities	 leading	  lead	to the rise of market-driven capitalism and the rational-legal systems of practice in the Western world	0.97	Weber first elaborated this theory in his seminal work The Protestant Ethic and the Spirit of Capitalism ( 1905 ) , where he included ascetic Protestantism among the major `` elective affinities '' leading to the rise of market-driven capitalism and the rational-legal systems of practice in the Western world .
10050091	Weber	 elaborated	  elaborate	this theory first in his seminal work	0.48	Weber first elaborated this theory in his seminal work The Protestant Ethic and the Spirit of Capitalism ( 1905 ) , where he included ascetic Protestantism among the major `` elective affinities '' leading to the rise of market-driven capitalism and the rational-legal systems of practice in the Western world .
10050091	he	 included	  include	ascetic Protestantism among the major `` elective affinities seminal	0.30	Weber first elaborated this theory in his seminal work The Protestant Ethic and the Spirit of Capitalism ( 1905 ) , where he included ascetic Protestantism among the major `` elective affinities '' leading to the rise of market-driven capitalism and the rational-legal systems of practice in the Western world .
10050092	Weber 's name	 is associated	  be associate	with the Protestantism-capitalism thesis	0.98	Weber 's name is associated with the Protestantism-capitalism thesis , the principle of value judgment , the concept of charisma , the state 's monopoly on the use of force , and the distinction between ethics of conscience and ethics of responsibility .
10050092	Weber 's name	 is associated	  be associate	with the principle of value judgment	0.65	Weber 's name is associated with the Protestantism-capitalism thesis , the principle of value judgment , the concept of charisma , the state 's monopoly on the use of force , and the distinction between ethics of conscience and ethics of responsibility .
10050092	Weber 's name	 is associated	  be associate	with the concept of charisma	0.45	Weber 's name is associated with the Protestantism-capitalism thesis , the principle of value judgment , the concept of charisma , the state 's monopoly on the use of force , and the distinction between ethics of conscience and ethics of responsibility .
10050092	Weber 's name	 is associated	  be associate	with the state 's monopoly on the use of force	0.44	Weber 's name is associated with the Protestantism-capitalism thesis , the principle of value judgment , the concept of charisma , the state 's monopoly on the use of force , and the distinction between ethics of conscience and ethics of responsibility .
10050092	Weber 's name	 is associated	  be associate	with the distinction between ethics of conscience	0.34	Weber 's name is associated with the Protestantism-capitalism thesis , the principle of value judgment , the concept of charisma , the state 's monopoly on the use of force , and the distinction between ethics of conscience and ethics of responsibility .
10050101	Protestant Ethic	 was	  be	the earliest part in Weber 's broader consideration of world religions as he later examined the religions of India	0.45	Protestant Ethic was the earliest part in Weber 's broader consideration of world religions , as he later examined the religions of China and India , as well as ancient Judaism , with particular regard to their differing economic consequences and conditions of social stratification .
10050101	Protestant Ethic	 was	  be	the earliest part in Weber 's broader consideration of world religions as he later examined the religions of China as Judaism	0.24	Protestant Ethic was the earliest part in Weber 's broader consideration of world religions , as he later examined the religions of China and India , as well as ancient Judaism , with particular regard to their differing economic consequences and conditions of social stratification .
10050101	he	 examined	  examine	the religions of China , as well as ancient Judaism , with particular regard to conditions of social stratification later	0.24	Protestant Ethic was the earliest part in Weber 's broader consideration of world religions , as he later examined the religions of China and India , as well as ancient Judaism , with particular regard to their differing economic consequences and conditions of social stratification .
10050101	he	 examined	  examine	the religions of India , as well as ancient Judaism , with particular regard to their later	0.19	Protestant Ethic was the earliest part in Weber 's broader consideration of world religions , as he later examined the religions of China and India , as well as ancient Judaism , with particular regard to their differing economic consequences and conditions of social stratification .
10050101	he	 examined	  examine	the religions of China , as well as ancient Judaism , with particular regard to their differing economic consequences later	0.18	Protestant Ethic was the earliest part in Weber 's broader consideration of world religions , as he later examined the religions of China and India , as well as ancient Judaism , with particular regard to their differing economic consequences and conditions of social stratification .
10050102	From his study of the `` redemptive medium of art	 came	  come	an erudite treatise on the sociology of music	0.98	From his study of the `` redemptive medium of art '' came an erudite treatise on the sociology of music .
10050111	an entity	 successfully claims	  successfully claim	a `` monopoly of the legitimate use of physical force within a given territory	0.97	In another major work , `` Politics as a Vocation '' , Weber defined `` the state '' as an entity that successfully claims a `` monopoly of the legitimate use of physical force within a given territory '' .
10050111	Weber	 defined	  define	the state In another major work	0.62	In another major work , `` Politics as a Vocation '' , Weber defined `` the state '' as an entity that successfully claims a `` monopoly of the legitimate use of physical force within a given territory '' .
10050112	he	 expressed	  express	himself	0.62	Politics was not only his field of research , but as a class-conscious citizen and out of liberal conviction he also expressed himself in a committed manner on current political controversies of the Kaiserreich and the Weimar Republic .
10050112	Politics	 was not	  be not	only his field of research	0.47	Politics was not only his field of research , but as a class-conscious citizen and out of liberal conviction he also expressed himself in a committed manner on current political controversies of the Kaiserreich and the Weimar Republic .
10050112	he	 expressed	  express	himself	0.62	Politics was not only his field of research , but as a class-conscious citizen and out of liberal conviction he also expressed himself in a committed manner on current political controversies of the Kaiserreich and the Weimar Republic .
10050121	He	 was	  be	the first to categorise social authority into distinct forms : rational-legal	0.54	He was the first to categorise social authority into distinct forms : charismatic , traditional , and rational-legal .
10050121	He	 was	  be	the first to categorise social authority into distinct forms : charismatic	0.49	He was the first to categorise social authority into distinct forms : charismatic , traditional , and rational-legal .
10050121	the first	 to categorise	  to categorise	social authority into distinct forms : charismatic	0.44	He was the first to categorise social authority into distinct forms : charismatic , traditional , and rational-legal .
10050121	the first	 to categorise	  to categorise	social authority into distinct forms rational-legal	0.39	He was the first to categorise social authority into distinct forms : charismatic , traditional , and rational-legal .
10050121	He	 was	  be	the first to categorise social authority into distinct forms : traditional	0.25	He was the first to categorise social authority into distinct forms : charismatic , traditional , and rational-legal .
10050122	he	 was crowned	  be crown	one of the founding fathers of organizational sociology via a circuitous route of U.S. reception As an early theorist of bureaucracy	0.94	As an early theorist of bureaucracy , he was crowned one of the founding fathers of organizational sociology via a circuitous route of U.S. reception .
10050131	Weber 's analysis of bureaucracy	 emphasized	  emphasize	that modern institutions are increasingly based on rational-legal authority	0.97	Weber 's analysis of bureaucracy emphasized that modern institutions are increasingly based on rational-legal authority .
10050131	modern institutions	 are increasingly based	  be increasingly base	on rational-legal authority	0.96	Weber 's analysis of bureaucracy emphasized that modern institutions are increasingly based on rational-legal authority .
10050132	Marianne Weber	 is wife of	  be wife of	Max Weber	0.91	Max Weber 's wife Marianne Weber was politically active as a women 's rights activist , wrote the first and for decades only biography of her husband after his death , and published some of his important works posthumously .
10050132	Max Weber 's wife	 published posthumously	  publish posthumously	some of his important works	0.80	Max Weber 's wife Marianne Weber was politically active as a women 's rights activist , wrote the first and for decades only biography of her husband after his death , and published some of his important works posthumously .
10050132	Max Weber 's wife	 was	  be	politically active as a women 's rights	0.52	Max Weber 's wife Marianne Weber was politically active as a women 's rights activist , wrote the first and for decades only biography of her husband after his death , and published some of his important works posthumously .
10050132	Max Weber 's wife	 wrote	  write	the for decades only biography of her husband after his death	0.47	Max Weber 's wife Marianne Weber was politically active as a women 's rights activist , wrote the first and for decades only biography of her husband after his death , and published some of his important works posthumously .
10050132	Max Weber 's wife	 wrote	  write	the first biography of her husband after his death	0.33	Max Weber 's wife Marianne Weber was politically active as a women 's rights activist , wrote the first and for decades only biography of her husband after his death , and published some of his important works posthumously .
10050141	Weber	 made	  make	a variety of other contributions in economic history	0.51	Weber made a variety of other contributions in economic history , theory , and methodology .
10050141	Weber	 made	  make	a variety of other contributions in theory	0.20	Weber made a variety of other contributions in economic history , theory , and methodology .
10050141	Weber	 made	  make	a variety of other contributions in methodology	0.07	Weber made a variety of other contributions in economic history , theory , and methodology .
10050151	the critical theory	 associated	  associate	with the Frankfurt School	0.95	His analysis of modernity and rationalisation significantly influenced the critical theory associated with the Frankfurt School .
10050151	His analysis of rationalisation	 significantly influenced	  significantly influence	the critical theory associated with the Frankfurt School	0.50	His analysis of modernity and rationalisation significantly influenced the critical theory associated with the Frankfurt School .
10050151	His analysis of modernity	 significantly influenced	  significantly influence	the critical theory associated with the Frankfurt School	0.45	His analysis of modernity and rationalisation significantly influenced the critical theory associated with the Frankfurt School .
10050161	Weber	 was	  be	among the founders of the liberal German Democratic Party After the First World War	1.00	After the First World War , Weber was among the founders of the liberal German Democratic Party .
10050171	the committee	 drafted	  draft	the ill-fated democratic Weimar Constitution of 1919	0.95	He also ran unsuccessfully for a seat in parliament and served as advisor to the committee that drafted the ill-fated democratic Weimar Constitution of 1919 .
10050171	He	 ran unsuccessfully	  run unsuccessfully	for a seat in parliament	0.92	He also ran unsuccessfully for a seat in parliament and served as advisor to the committee that drafted the ill-fated democratic Weimar Constitution of 1919 .
10050171	He	 served	  serve	as advisor to the committee	0.92	He also ran unsuccessfully for a seat in parliament and served as advisor to the committee that drafted the ill-fated democratic Weimar Constitution of 1919 .
10050181	he	 died	  die	of pneumonia	0.26	After contracting Spanish flu , he died of pneumonia in 1920 , aged 56 .
